-- phpMyAdmin SQL Dump
-- version 5.1.3
-- https://www.phpmyadmin.net/
--
-- Host: mysql
-- Generation Time: Mar 14, 2026 at 09:41 AM
-- Server version: 10.6.12-MariaDB-1:10.6.12+maria~ubu2004
-- PHP Version: 8.1.14

SET SQL_MODE = "NO_AUTO_VALUE_ON_ZERO";
START TRANSACTION;
SET time_zone = "+00:00";


/*!40101 SET @OLD_CHARACTER_SET_CLIENT=@@CHARACTER_SET_CLIENT */;
/*!40101 SET @OLD_CHARACTER_SET_RESULTS=@@CHARACTER_SET_RESULTS */;
/*!40101 SET @OLD_COLLATION_CONNECTION=@@COLLATION_CONNECTION */;
/*!40101 SET NAMES utf8mb4 */;

--
-- Database: `Google_Stock_Data`
--

-- --------------------------------------------------------

--
-- Table structure for table `annual_financials`
--

CREATE TABLE `annual_financials` (
  `Year` int(4) NOT NULL,
  `Revenue_Billions` decimal(10,2) DEFAULT NULL,
  `Net_Income_Billions` decimal(10,2) DEFAULT NULL,
  `EPS` decimal(10,4) DEFAULT NULL,
  `Market_Cap_Billions` decimal(10,2) DEFAULT NULL,
  `PE_Ratio` decimal(10,4) DEFAULT NULL,
  `Dividend_Per_Share` decimal(10,2) DEFAULT NULL,
  `Employees` int(14) DEFAULT NULL,
  `Key_Event` text DEFAULT NULL
) ENGINE=InnoDB DEFAULT CHARSET=utf8mb4 COLLATE=utf8mb4_general_ci;

--
-- Dumping data for table `annual_financials`
--

INSERT INTO `annual_financials` (`Year`, `Revenue_Billions`, `Net_Income_Billions`, `EPS`, `Market_Cap_Billions`, `PE_Ratio`, `Dividend_Per_Share`, `Employees`, `Key_Event`) VALUES
(2004, '3.19', '0.40', '0.0100', '23.00', NULL, '0.00', 3021, 'IPO Year - August 19 2004'),
(2005, '6.14', '1.47', '0.0300', '112.00', '73.5000', '0.00', 5680, 'First full year as public company'),
(2006, '10.60', '3.08', '0.0600', '148.00', '38.5000', '0.00', 10674, 'Acquired YouTube for $1.65B'),
(2007, '16.59', '4.20', '0.0800', '211.00', '42.1000', '0.00', 16805, 'Strong advertising growth'),
(2008, '21.80', '4.23', '0.0800', '97.00', '25.3000', '0.00', 20222, 'Financial crisis impact'),
(2009, '23.65', '6.52', '0.1300', '194.00', '23.8000', '0.00', 19835, 'Economic recovery'),
(2010, '29.32', '8.51', '0.1700', '192.00', '20.2000', '0.00', 24400, 'Android mobile expansion'),
(2011, '37.90', '9.74', '0.1900', '203.00', '18.9000', '0.00', 32467, 'Acquired Motorola Mobility'),
(2012, '50.18', '10.74', '0.2100', '228.00', '17.6000', '0.00', 53861, 'Chrome browser dominance'),
(2013, '55.52', '12.92', '0.2600', '362.00', '25.4000', '0.00', 47756, 'Strong revenue growth'),
(2014, '66.00', '14.44', '0.2900', '368.00', '27.3000', '0.00', 53600, '2:1 Stock split in April'),
(2015, '74.99', '16.35', '0.3300', '536.00', '29.5000', '0.00', 61814, 'Restructured to Alphabet Inc.'),
(2016, '90.27', '19.48', '0.3900', '546.00', '28.0000', '0.00', 72053, 'Google Cloud growth acceleration'),
(2017, '110.86', '12.66', '0.2500', '730.00', '42.2000', '0.00', 80110, 'Hardware expansion - Pixel phones'),
(2018, '136.82', '30.74', '0.6100', '748.00', '24.4000', '0.00', 98771, 'AI and machine learning focus'),
(2019, '161.86', '34.34', '0.6900', '921.00', '27.2000', '0.00', 118899, 'Cloud profitability improvements'),
(2020, '182.53', '40.27', '0.8000', '1180.00', '34.1000', '0.00', 135301, 'Pandemic-driven digital surge'),
(2021, '257.64', '76.03', '1.5200', '1920.00', '26.8000', '0.00', 156500, 'Record profits and growth'),
(2022, '282.84', '59.97', '1.2000', '1150.00', '18.7000', '0.00', 186779, '20:1 stock split / Market correction'),
(2023, '307.39', '73.80', '1.4700', '1760.00', '23.9000', '0.00', 182502, 'AI renaissance with Bard/Gemini'),
(2024, '345.50', '89.20', '1.7800', '2150.00', '26.3000', '0.80', 183000, 'First dividend payment initiated'),
(2025, '385.00', '98.50', '1.9600', '2450.00', '28.5000', '0.80', 190000, 'Continued AI-driven growth (estimated)'),
(2026, NULL, NULL, NULL, NULL, NULL, NULL, NULL, NULL);

-- --------------------------------------------------------

--
-- Table structure for table `company_info`
--

CREATE TABLE `company_info` (
  `id_company` int(11) NOT NULL,
  `Category` varchar(100) DEFAULT NULL,
  `Item` varchar(150) DEFAULT NULL,
  `Value` varchar(255) DEFAULT NULL,
  `Date` date DEFAULT NULL,
  `Description` text DEFAULT NULL,
  `DateYear` int(4) DEFAULT NULL,
  `DateMonth` int(2) DEFAULT NULL,
  `DateDay` int(2) DEFAULT NULL
) ENGINE=InnoDB DEFAULT CHARSET=utf8mb4 COLLATE=utf8mb4_general_ci;

--
-- Dumping data for table `company_info`
--

INSERT INTO `company_info` (`id_company`, `Category`, `Item`, `Value`, `Date`, `Description`, `DateYear`, `DateMonth`, `DateDay`) VALUES
(1, 'Company Info', 'Company Name', 'Alphabet Inc. (formerly Google Inc.)', NULL, 'Technology conglomerate', NULL, NULL, NULL),
(2, 'Company Info', 'Ticker Symbol - Class A', 'GOOGL', NULL, '1 vote per share - publicly traded', NULL, NULL, NULL),
(3, 'Company Info', 'Ticker Symbol - Class C', 'GOOG', NULL, '0 votes per share - publicly traded', NULL, NULL, NULL),
(4, 'Company Info', 'Exchange', 'NASDAQ', NULL, 'Primary stock exchange', NULL, NULL, NULL),
(5, 'Company Info', 'Founded', 'September 4 1998', NULL, 'Company founding date', NULL, NULL, NULL),
(6, 'Company Info', 'IPO Date', 'August 19 2004', NULL, 'Initial Public Offering', NULL, NULL, NULL),
(7, 'Company Info', 'IPO Price', '$85.00 per share', '2004-08-19', 'Original offering price', 2004, 8, 19),
(8, 'Company Info', 'Split-Adjusted IPO Price', '$2.13', '2004-08-19', 'After 2014 and 2022 splits (40x adjustment)', 2004, 8, 19),
(9, 'Company Info', 'Restructuring Date', 'October 2 2015', NULL, 'Became Alphabet Inc.', NULL, NULL, NULL),
(10, 'Company Info', 'Sector', 'Technology', NULL, 'Primary sector', NULL, NULL, NULL),
(11, 'Company Info', 'Industry', 'Internet Content & Information', NULL, 'Industry classification', NULL, NULL, NULL),
(12, 'Stock Splits', 'First Stock Split', '2-for-1', '2014-04-03', 'Created Class C non-voting shares (GOOG)', 2014, 4, 3),
(13, 'Stock Splits', 'Second Stock Split', '20-for-1', '2022-07-15', 'Applied to all share classes', 2022, 7, 15),
(14, 'Stock Splits', 'Total Split Adjustment', '40-for-1', NULL, 'Combined effect of both splits', NULL, NULL, NULL),
(15, 'Share Classes', 'Class A Shares', 'GOOGL', NULL, '1 vote per share - publicly traded', NULL, NULL, NULL),
(16, 'Share Classes', 'Class B Shares', 'Not Publicly Traded', NULL, '10 votes per share - held by founders/insiders', NULL, NULL, NULL),
(17, 'Share Classes', 'Class C Shares', 'GOOG', NULL, '0 votes per share - publicly traded', NULL, NULL, NULL),
(18, 'Milestones', 'IPO', 'Initial Public Offering at $85/share', '2004-08-19', '$23 billion valuation', 2004, 8, 19),
(19, 'Milestones', 'YouTube Acquisition', 'Acquired YouTube for $1.65 billion', '2006-10-09', 'Entered video streaming market', 2006, 10, 9),
(20, 'Milestones', 'Chrome Browser Launch', 'Launched Chrome web browser', '2008-09-03', 'Entered browser market', 2008, 9, 3),
(21, 'Milestones', 'Motorola Mobility Acquisition', 'Acquired for $12.5 billion', '2011-08-15', 'Largest acquisition at the time', 2011, 8, 15),
(22, 'Milestones', 'First Stock Split', '2:1 stock split - created Class C', '2014-04-03', 'Stock dividend creating non-voting shares', 2014, 4, 3),
(23, 'Milestones', 'Alphabet Restructuring', 'Google became Alphabet Inc.', '2015-10-02', 'Corporate restructuring with subsidiaries', 2015, 10, 2),
(24, 'Milestones', '$1 Trillion Market Cap', 'First time reaching $1 trillion', '2018-04-01', 'Market capitalization milestone', 2018, 4, 1),
(25, 'Milestones', 'Second Stock Split', '20:1 stock split', '2022-07-15', 'Improved stock accessibility', 2022, 7, 15),
(26, 'Milestones', 'First Dividend Payment', 'Initiated quarterly dividend $0.20/share', '2024-04-01', 'First dividend in company history', 2024, 4, 1),
(27, 'Milestones', 'All-Time High Price', '$344.90 (GOOG) / $343.69 (GOOGL)', '2026-02-02', 'Record high stock prices', 2026, 2, 2),
(28, 'Market Data', 'Current Price (as of Feb 16 2026)', '$359.24', NULL, 'Latest closing price', NULL, NULL, NULL),
(29, 'Market Data', '52-Week High', '$359.24', '2026-02-16', 'Recent high', 2026, 2, 16),
(30, 'Market Data', '52-Week Low', '$140.16', '2023-12-29', 'Recent low', 2023, 12, 29),
(31, 'Market Data', 'Market Cap', '$2.45 trillion', '2026-02-16', 'Approximate market capitalization', 2026, 2, 16),
(32, 'Market Data', 'Average Daily Volume', '45.2 million', '2026-02-16', '30-day average volume', 2026, 2, 16),
(33, 'Market Data', 'P/E Ratio', '28.5', '2026-02-16', 'Price-to-earnings ratio', 2026, 2, 16),
(34, 'Market Data', 'Dividend Yield', '0.22%', '2026-02-16', 'Annual dividend yield', 2026, 2, 16),
(35, 'Market Data', 'Beta', '1.05', '2026-02-16', 'Volatility measure vs market', 2026, 2, 16);

-- --------------------------------------------------------

--
-- Table structure for table `financial_ratios`
--

CREATE TABLE `financial_ratios` (
  `Year` int(4) NOT NULL,
  `ROE` decimal(10,2) DEFAULT NULL,
  `ROA` decimal(10,2) DEFAULT NULL,
  `Current_Ratio` decimal(10,2) DEFAULT NULL,
  `Debt_to_Equity` decimal(10,2) DEFAULT NULL,
  `Free_Cash_Flow_Billions` decimal(10,2) DEFAULT NULL,
  `Operating_Cash_Flow_Billions` decimal(10,2) DEFAULT NULL,
  `Gross_Margin` decimal(10,2) DEFAULT NULL,
  `Operating_Margin` decimal(10,2) DEFAULT NULL,
  `Net_Margin` decimal(10,2) DEFAULT NULL
) ENGINE=InnoDB DEFAULT CHARSET=utf8mb4 COLLATE=utf8mb4_general_ci;

--
-- Dumping data for table `financial_ratios`
--

INSERT INTO `financial_ratios` (`Year`, `ROE`, `ROA`, `Current_Ratio`, `Debt_to_Equity`, `Free_Cash_Flow_Billions`, `Operating_Cash_Flow_Billions`, `Gross_Margin`, `Operating_Margin`, `Net_Margin`) VALUES
(2004, '7.20', '6.80', '10.65', '0.00', '0.38', '0.58', '59.80', '12.50', '12.60'),
(2005, '15.20', '14.10', '9.41', '0.00', '1.23', '1.62', '60.20', '23.90', '23.90'),
(2006, '18.60', '16.90', '10.12', '0.00', '2.54', '3.19', '59.70', '29.10', '29.00'),
(2007, '19.10', '17.30', '9.77', '0.00', '3.70', '4.43', '59.40', '25.30', '25.30'),
(2008, '18.20', '16.50', '8.77', '0.00', '4.05', '5.20', '58.60', '19.40', '19.40'),
(2009, '18.10', '16.40', '10.62', '0.00', '5.51', '6.63', '64.20', '27.60', '27.60'),
(2010, '18.50', '16.80', '10.48', '0.00', '6.95', '8.14', '65.10', '29.00', '29.00'),
(2011, '18.20', '16.50', '5.92', '0.00', '8.07', '9.98', '65.20', '25.70', '25.70'),
(2012, '17.90', '16.20', '5.43', '0.00', '8.71', '10.74', '64.80', '21.40', '21.40'),
(2013, '17.00', '15.40', '4.77', '0.00', '11.26', '12.92', '59.60', '23.30', '23.30'),
(2014, '14.90', '13.50', '4.88', '0.00', '12.48', '14.44', '61.50', '21.90', '21.90'),
(2015, '14.40', '13.10', '5.12', '0.00', '14.20', '16.35', '62.40', '21.80', '21.80'),
(2016, '14.70', '13.40', '5.20', '0.02', '16.44', '19.48', '61.90', '21.60', '21.60'),
(2017, '12.30', '11.20', '3.74', '0.02', '10.45', '12.66', '56.90', '11.40', '11.40'),
(2018, '16.60', '15.10', '3.39', '0.03', '22.81', '30.74', '56.20', '22.50', '22.50'),
(2019, '17.70', '16.10', '3.36', '0.04', '23.71', '34.34', '55.70', '21.20', '21.20'),
(2020, '17.90', '16.30', '3.08', '0.05', '29.59', '40.27', '56.00', '22.10', '22.10'),
(2021, '30.60', '27.80', '2.93', '0.06', '50.64', '76.03', '56.90', '29.50', '29.50'),
(2022, '21.20', '19.30', '2.85', '0.07', '39.65', '59.97', '55.20', '21.20', '21.20'),
(2023, '24.50', '22.30', '2.77', '0.08', '49.23', '73.80', '57.10', '24.00', '24.00'),
(2024, '27.80', '25.30', '2.69', '0.09', '62.48', '89.20', '58.30', '25.80', '25.80'),
(2025, '29.20', '26.60', '2.61', '0.10', '71.80', '98.50', '59.10', '25.60', '25.60');

-- --------------------------------------------------------

--
-- Table structure for table `quarterly_earnings`
--

CREATE TABLE `quarterly_earnings` (
  `id_quarterly` int(12) NOT NULL,
  `Quarter` char(2) DEFAULT NULL,
  `Year` int(11) DEFAULT NULL,
  `Revenue_Billions` decimal(10,2) DEFAULT NULL,
  `Net_Income_Billions` decimal(10,2) DEFAULT NULL,
  `EPS` decimal(10,4) DEFAULT NULL,
  `YoY_Revenue_Growth` varchar(10) DEFAULT NULL,
  `Operating_Margin` varchar(10) DEFAULT NULL,
  `Date_Reported` date DEFAULT NULL
) ENGINE=InnoDB DEFAULT CHARSET=utf8mb4 COLLATE=utf8mb4_general_ci;

--
-- Dumping data for table `quarterly_earnings`
--

INSERT INTO `quarterly_earnings` (`id_quarterly`, `Quarter`, `Year`, `Revenue_Billions`, `Net_Income_Billions`, `EPS`, `YoY_Revenue_Growth`, `Operating_Margin`, `Date_Reported`) VALUES
(1, 'Q1', 2020, '41.16', '6.84', '10.1300', '13.3', '17.0', '2020-04-28'),
(2, 'Q2', 2020, '38.30', '6.96', '10.3000', '-1.7', '19.0', '2020-07-30'),
(3, 'Q3', 2020, '46.17', '11.25', '16.4000', '14.0', '25.0', '2020-10-29'),
(4, 'Q4', 2020, '56.90', '15.23', '22.3000', '23.5', '29.0', '2021-02-02'),
(5, 'Q1', 2021, '55.31', '17.93', '26.2900', '34.4', '30.0', '2021-04-27'),
(6, 'Q2', 2021, '61.88', '18.53', '27.2600', '61.6', '31.0', '2021-07-27'),
(7, 'Q3', 2021, '65.12', '18.94', '27.9900', '41.0', '32.0', '2021-10-26'),
(8, 'Q4', 2021, '75.33', '20.64', '30.6900', '32.4', '29.0', '2022-02-01'),
(9, 'Q1', 2022, '68.01', '16.44', '24.6200', '23.0', '30.0', '2022-04-26'),
(10, 'Q2', 2022, '69.69', '16.00', '23.6800', '13.0', '28.0', '2022-07-26'),
(11, 'Q3', 2022, '69.09', '13.91', '20.6400', '6.1', '25.0', '2022-10-25'),
(12, 'Q4', 2022, '76.05', '13.62', '20.2200', '1.0', '24.0', '2023-02-02'),
(13, 'Q1', 2023, '69.79', '15.05', '19.0700', '2.6', '25.0', '2023-04-25'),
(14, 'Q2', 2023, '74.60', '18.37', '23.2700', '7.0', '29.0', '2023-07-25'),
(15, 'Q3', 2023, '76.69', '19.69', '24.2600', '11.0', '28.0', '2023-10-24'),
(16, 'Q4', 2023, '86.31', '20.69', '25.5300', '13.5', '27.0', '2024-01-30'),
(17, 'Q1', 2024, '80.54', '23.66', '29.4500', '15.4', '32.0', '2024-04-25'),
(18, 'Q2', 2024, '84.74', '23.62', '29.3800', '13.6', '32.0', '2024-07-23'),
(19, 'Q3', 2024, '88.27', '26.30', '32.5800', '15.1', '33.0', '2024-10-29'),
(20, 'Q4', 2024, '91.95', '25.62', '31.8700', '12.8', '31.0', '2025-01-28'),
(21, 'Q1', 2025, '95.50', '27.80', '34.5000', '18.6', '33.0', '2025-04-24'),
(22, 'Q2', 2025, '98.20', '28.50', '35.3000', '15.9', '33.5', '2025-07-22'),
(23, 'Q3', 2025, '101.30', '29.20', '36.2000', '14.7', '34.0', '2025-10-28'),
(24, 'Q4', 2025, '90.00', '13.00', '16.1000', NULL, NULL, '2026-01-30');

-- --------------------------------------------------------

--
-- Table structure for table `revenue_segments`
--

CREATE TABLE `revenue_segments` (
  `Year` int(11) NOT NULL,
  `Google_Search_Billions` decimal(10,2) DEFAULT NULL,
  `YouTube_Ads_Billions` decimal(10,2) DEFAULT NULL,
  `Google_Network_Billions` decimal(10,2) DEFAULT NULL,
  `Google_Cloud_Billions` decimal(10,2) DEFAULT NULL,
  `Other_Revenues_Billions` decimal(10,2) DEFAULT NULL,
  `Total_Revenue_Billions` decimal(10,2) DEFAULT NULL,
  `Cloud_Growth_Rate` varchar(10) DEFAULT NULL
) ENGINE=InnoDB DEFAULT CHARSET=utf8mb4 COLLATE=utf8mb4_general_ci;

--
-- Dumping data for table `revenue_segments`
--

INSERT INTO `revenue_segments` (`Year`, `Google_Search_Billions`, `YouTube_Ads_Billions`, `Google_Network_Billions`, `Google_Cloud_Billions`, `Other_Revenues_Billions`, `Total_Revenue_Billions`, `Cloud_Growth_Rate`) VALUES
(2017, '77.84', '10.10', '17.53', '4.06', '1.33', '110.86', NULL),
(2018, '92.64', '11.16', '20.80', '5.84', '4.38', '136.82', '43.8'),
(2019, '98.12', '15.15', '21.55', '8.92', '18.12', '161.86', '52.7'),
(2020, '104.06', '19.77', '23.09', '13.06', '22.55', '182.53', '46.4'),
(2021, '148.95', '28.84', '31.70', '19.21', '28.94', '257.64', '47.1'),
(2022, '162.45', '29.24', '32.78', '26.28', '32.09', '282.84', '36.8'),
(2023, '175.03', '31.51', '31.32', '33.09', '36.44', '307.39', '25.9'),
(2024, '195.28', '36.20', '29.80', '38.50', '45.72', '345.50', '16.4'),
(2025, '218.50', '42.30', '28.50', '45.80', '49.90', '385.00', '18.9');

-- --------------------------------------------------------

--
-- Table structure for table `stock_daily_prices`
--

CREATE TABLE `stock_daily_prices` (
  `DatePrice` date NOT NULL,
  `OpenPrice` decimal(10,2) DEFAULT NULL,
  `HighPrice` decimal(10,2) DEFAULT NULL,
  `LowPrice` decimal(10,2) DEFAULT NULL,
  `ClosePrice` decimal(10,2) DEFAULT NULL,
  `Adj_ClosePrice` decimal(10,6) DEFAULT NULL,
  `Volume` bigint(20) DEFAULT NULL,
  `Split_AdjustedPrice` tinyint(1) DEFAULT NULL,
  `YearPrice` int(4) DEFAULT NULL,
  `MonthPrice` int(2) DEFAULT NULL,
  `DayPrice` int(2) DEFAULT NULL
) ENGINE=InnoDB DEFAULT CHARSET=utf8mb4 COLLATE=utf8mb4_general_ci;

--
-- Dumping data for table `stock_daily_prices`
--

INSERT INTO `stock_daily_prices` (`DatePrice`, `OpenPrice`, `HighPrice`, `LowPrice`, `ClosePrice`, `Adj_ClosePrice`, `Volume`, `Split_AdjustedPrice`, `YearPrice`, `MonthPrice`, `DayPrice`) VALUES
('2004-08-19', '50.00', '52.00', '48.00', '50.00', '2.510000', 44659000, 1, 2004, 8, 19),
('2004-08-20', '50.69', '54.49', '50.20', '54.10', '2.720000', 22351900, 1, 2004, 8, 20),
('2004-08-23', '55.32', '56.68', '54.47', '54.65', '2.750000', 18256100, 1, 2004, 8, 23),
('2004-08-24', '55.00', '55.80', '54.20', '55.00', '2.770000', 15256800, 1, 2004, 8, 24),
('2004-08-25', '55.20', '55.90', '54.00', '54.90', '2.760000', 12816600, 1, 2004, 8, 25),
('2004-08-26', '55.00', '56.50', '54.50', '56.30', '2.830000', 13243800, 1, 2004, 8, 26),
('2004-08-27', '56.50', '57.90', '56.00', '56.77', '2.860000', 16507600, 1, 2004, 8, 27),
('2004-08-30', '57.00', '57.45', '55.82', '55.91', '2.810000', 10804900, 1, 2004, 8, 30),
('2004-08-31', '56.00', '58.58', '55.75', '57.24', '2.880000', 15287700, 1, 2004, 8, 31),
('2004-09-01', '57.50', '58.55', '56.85', '57.70', '2.900000', 11021100, 1, 2004, 9, 1),
('2004-09-02', '57.90', '60.95', '57.25', '59.95', '3.020000', 17573000, 1, 2004, 9, 2),
('2004-09-03', '60.00', '62.00', '59.50', '61.50', '3.090000', 15928400, 1, 2004, 9, 3),
('2004-09-07', '61.80', '63.90', '61.25', '62.50', '3.140000', 14507300, 1, 2004, 9, 7),
('2004-09-08', '62.80', '63.75', '61.50', '62.00', '3.120000', 10926700, 1, 2004, 9, 8),
('2004-09-09', '62.00', '63.20', '61.25', '62.80', '3.160000', 9825600, 1, 2004, 9, 9),
('2004-09-10', '63.00', '64.50', '62.50', '63.75', '3.210000', 12456900, 1, 2004, 9, 10),
('2004-09-13', '64.00', '65.80', '63.50', '65.20', '3.280000', 13789400, 1, 2004, 9, 13),
('2004-09-14', '65.50', '66.90', '64.80', '66.00', '3.320000', 11234500, 1, 2004, 9, 14),
('2004-09-15', '66.20', '67.50', '65.50', '66.80', '3.360000', 10567800, 1, 2004, 9, 15),
('2004-09-16', '67.00', '68.75', '66.25', '68.00', '3.420000', 12890300, 1, 2004, 9, 16),
('2004-09-17', '68.20', '69.50', '67.80', '68.90', '3.470000', 11456200, 1, 2004, 9, 17),
('2004-09-20', '69.00', '70.80', '68.50', '70.00', '3.520000', 14234700, 1, 2004, 9, 20),
('2004-09-21', '70.20', '71.25', '69.50', '70.50', '3.550000', 10789600, 1, 2004, 9, 21),
('2004-09-22', '70.80', '72.00', '70.00', '71.20', '3.580000', 11567400, 1, 2004, 9, 22),
('2004-09-23', '71.50', '72.80', '70.80', '72.00', '3.620000', 10234800, 1, 2004, 9, 23),
('2004-09-24', '72.20', '73.50', '71.50', '72.80', '3.660000', 11890500, 1, 2004, 9, 24),
('2004-09-27', '73.00', '74.20', '72.25', '73.50', '3.700000', 10456700, 1, 2004, 9, 27),
('2004-09-28', '73.80', '75.00', '73.00', '74.25', '3.740000', 11234900, 1, 2004, 9, 28),
('2004-09-29', '74.50', '75.80', '73.80', '75.00', '3.770000', 10789300, 1, 2004, 9, 29),
('2004-09-30', '75.20', '76.50', '74.50', '75.80', '3.810000', 12567800, 1, 2004, 9, 30),
('2004-10-01', '76.00', '77.25', '75.25', '76.50', '3.850000', 11234600, 1, 2004, 10, 1),
('2004-10-04', '76.80', '78.00', '76.00', '77.00', '3.870000', 10567400, 1, 2004, 10, 4),
('2004-10-05', '77.20', '78.50', '76.50', '77.80', '3.910000', 10234700, 1, 2004, 10, 5),
('2004-10-06', '78.00', '79.25', '77.25', '78.50', '3.950000', 11789500, 1, 2004, 10, 6),
('2004-10-07', '78.80', '80.00', '78.00', '79.20', '3.980000', 10456800, 1, 2004, 10, 7),
('2004-10-08', '79.50', '80.75', '78.75', '80.00', '4.020000', 11234900, 1, 2004, 10, 8),
('2004-10-11', '80.20', '81.50', '79.50', '80.80', '4.060000', 10789600, 1, 2004, 10, 11),
('2004-10-12', '81.00', '82.25', '80.25', '81.50', '4.100000', 11567300, 1, 2004, 10, 12),
('2004-10-13', '81.80', '83.00', '81.00', '82.20', '4.130000', 12345600, 1, 2004, 10, 13),
('2004-10-14', '82.50', '84.00', '81.80', '83.00', '4.170000', 13789400, 1, 2004, 10, 14),
('2004-10-15', '83.20', '85.50', '82.50', '84.50', '4.250000', 15234800, 1, 2004, 10, 15),
('2004-10-18', '84.80', '86.00', '83.80', '85.00', '4.280000', 12456700, 1, 2004, 10, 18),
('2004-10-19', '85.20', '86.50', '84.50', '85.80', '4.320000', 11234500, 1, 2004, 10, 19),
('2004-10-20', '86.00', '87.25', '85.25', '86.50', '4.350000', 10789300, 1, 2004, 10, 20),
('2004-10-21', '86.80', '88.00', '86.00', '87.20', '4.390000', 11567600, 1, 2004, 10, 21),
('2004-10-22', '87.50', '89.00', '86.80', '88.00', '4.430000', 12890400, 1, 2004, 10, 22),
('2004-10-25', '88.20', '90.00', '87.50', '89.00', '4.480000', 13456800, 1, 2004, 10, 25),
('2004-10-26', '89.20', '91.50', '88.50', '90.50', '4.550000', 14789300, 1, 2004, 10, 26),
('2004-10-27', '90.80', '92.00', '89.80', '91.00', '4.580000', 12345700, 1, 2004, 10, 27),
('2004-10-28', '91.20', '92.50', '90.50', '91.80', '4.620000', 11234600, 1, 2004, 10, 28),
('2004-10-29', '92.00', '93.75', '91.25', '92.50', '4.650000', 13567400, 1, 2004, 10, 29),
('2004-11-01', '92.80', '94.00', '91.80', '93.00', '4.680000', 11789500, 1, 2004, 11, 1),
('2004-11-02', '93.20', '94.50', '92.50', '93.80', '4.720000', 10456800, 1, 2004, 11, 2),
('2004-11-03', '94.00', '95.25', '93.25', '94.50', '4.750000', 11234900, 1, 2004, 11, 3),
('2004-11-04', '94.80', '96.00', '94.00', '95.20', '4.790000', 12567300, 1, 2004, 11, 4),
('2004-11-05', '95.50', '97.00', '94.75', '96.00', '4.830000', 13890600, 1, 2004, 11, 5),
('2004-11-08', '96.20', '98.50', '95.50', '97.50', '4.900000', 15234700, 1, 2004, 11, 8),
('2004-11-09', '97.80', '99.00', '96.80', '98.00', '4.930000', 12456800, 1, 2004, 11, 9),
('2004-11-10', '98.20', '99.50', '97.50', '98.80', '4.970000', 11234500, 1, 2004, 11, 10),
('2004-11-11', '99.00', '100.25', '98.25', '99.50', '5.000000', 13567900, 1, 2004, 11, 11),
('2004-11-12', '99.80', '101.00', '99.00', '100.20', '5.040000', 14890300, 1, 2004, 11, 12),
('2004-11-15', '100.50', '102.00', '99.75', '101.00', '5.080000', 13456700, 1, 2004, 11, 15),
('2004-11-16', '101.20', '102.50', '100.50', '101.80', '5.120000', 12345600, 1, 2004, 11, 16),
('2004-11-17', '102.00', '103.25', '101.25', '102.50', '5.160000', 11789400, 1, 2004, 11, 17),
('2004-11-18', '102.80', '104.00', '102.00', '103.20', '5.190000', 13234800, 1, 2004, 11, 18),
('2004-11-19', '103.50', '105.00', '102.75', '104.00', '5.230000', 14567200, 1, 2004, 11, 19),
('2004-11-22', '104.20', '106.50', '103.50', '105.50', '5.310000', 16890500, 1, 2004, 11, 22),
('2004-11-23', '105.80', '107.00', '104.80', '106.00', '5.330000', 13456700, 1, 2004, 11, 23),
('2004-11-24', '106.20', '107.50', '105.50', '106.80', '5.370000', 10789400, 1, 2004, 11, 24),
('2004-11-26', '107.00', '108.25', '106.25', '107.50', '5.410000', 9234600, 1, 2004, 11, 26),
('2004-11-29', '107.80', '109.00', '107.00', '108.20', '5.440000', 11567800, 1, 2004, 11, 29),
('2004-11-30', '108.50', '110.00', '107.75', '109.00', '5.480000', 14890300, 1, 2004, 11, 30),
('2004-12-01', '109.20', '111.50', '108.50', '110.50', '5.560000', 16234700, 1, 2004, 12, 1),
('2004-12-02', '110.80', '112.00', '109.80', '111.00', '5.580000', 13456800, 1, 2004, 12, 2),
('2004-12-03', '111.20', '112.50', '110.50', '111.80', '5.620000', 12345900, 1, 2004, 12, 3),
('2004-12-06', '112.00', '113.25', '111.25', '112.50', '5.660000', 13789500, 1, 2004, 12, 6),
('2004-12-07', '112.80', '114.00', '112.00', '113.20', '5.690000', 14234600, 1, 2004, 12, 7),
('2004-12-08', '113.50', '115.00', '112.75', '114.00', '5.730000', 15678900, 1, 2004, 12, 8),
('2004-12-09', '114.20', '116.50', '113.50', '115.50', '5.810000', 17890400, 1, 2004, 12, 9),
('2004-12-10', '115.80', '117.00', '114.80', '116.00', '5.830000', 14567200, 1, 2004, 12, 10),
('2004-12-13', '116.20', '117.50', '115.50', '116.80', '5.870000', 13234700, 1, 2004, 12, 13),
('2004-12-14', '117.00', '118.25', '116.25', '117.50', '5.910000', 12890500, 1, 2004, 12, 14),
('2004-12-15', '117.80', '119.00', '117.00', '118.20', '5.950000', 14567800, 1, 2004, 12, 15),
('2004-12-16', '118.50', '120.00', '117.75', '119.00', '5.990000', 16234600, 1, 2004, 12, 16),
('2004-12-17', '119.20', '121.50', '118.50', '120.50', '6.060000', 18890300, 1, 2004, 12, 17),
('2004-12-20', '120.80', '122.00', '119.80', '121.00', '6.090000', 15234700, 1, 2004, 12, 20),
('2004-12-21', '121.20', '122.50', '120.50', '121.80', '6.130000', 14567400, 1, 2004, 12, 21),
('2004-12-22', '122.00', '123.25', '121.25', '122.50', '6.160000', 13890600, 1, 2004, 12, 22),
('2004-12-23', '122.80', '124.00', '122.00', '123.20', '6.200000', 11234500, 1, 2004, 12, 23),
('2004-12-27', '123.50', '125.00', '122.75', '124.00', '6.240000', 13567800, 1, 2004, 12, 27),
('2004-12-28', '124.20', '126.50', '123.50', '125.50', '6.310000', 15890400, 1, 2004, 12, 28),
('2004-12-29', '125.80', '127.00', '124.80', '126.00', '6.340000', 14234600, 1, 2004, 12, 29),
('2004-12-30', '126.20', '127.50', '125.50', '126.80', '6.380000', 13456700, 1, 2004, 12, 30),
('2004-12-31', '127.00', '128.25', '126.25', '127.50', '6.410000', 16890500, 1, 2004, 12, 31),
('2005-01-03', '128.00', '130.00', '127.25', '129.00', '6.490000', 20234800, 1, 2005, 1, 3),
('2005-01-04', '129.50', '131.00', '128.50', '130.00', '6.540000', 17890300, 1, 2005, 1, 4),
('2005-01-05', '130.20', '132.50', '129.50', '131.50', '6.620000', 19567600, 1, 2005, 1, 5),
('2005-01-06', '131.80', '133.00', '130.80', '132.00', '6.640000', 16234700, 1, 2005, 1, 6),
('2005-01-07', '132.20', '133.50', '131.50', '132.80', '6.680000', 15890400, 1, 2005, 1, 7),
('2005-01-10', '133.00', '134.25', '132.25', '133.50', '6.720000', 17234600, 1, 2005, 1, 10),
('2005-01-11', '133.80', '135.00', '133.00', '134.20', '6.750000', 18567800, 1, 2005, 1, 11),
('2005-01-12', '134.50', '136.00', '133.75', '135.00', '6.790000', 20890300, 1, 2005, 1, 12),
('2005-01-13', '135.20', '137.50', '134.50', '136.50', '6.870000', 22234700, 1, 2005, 1, 13),
('2005-01-14', '136.80', '138.00', '135.80', '137.00', '6.890000', 19567400, 1, 2005, 1, 14),
('2005-06-30', '156.50', '158.00', '155.75', '157.20', '7.910000', 16890500, 1, 2005, 6, 30),
('2005-12-30', '213.50', '215.00', '212.75', '214.20', '10.770000', 13456700, 1, 2005, 12, 30),
('2006-01-03', '215.00', '217.50', '214.25', '216.50', '10.890000', 15890400, 1, 2006, 1, 3),
('2006-06-30', '207.80', '210.00', '206.50', '208.90', '10.510000', 14234600, 1, 2006, 6, 30),
('2006-12-29', '230.25', '232.00', '229.50', '231.00', '11.620000', 12890500, 1, 2006, 12, 29),
('2007-01-03', '232.50', '235.00', '231.75', '234.00', '11.770000', 16234700, 1, 2007, 1, 3),
('2007-06-29', '259.75', '262.00', '258.50', '260.80', '13.120000', 15678900, 1, 2007, 6, 29),
('2007-12-31', '346.50', '349.00', '345.25', '347.80', '17.490000', 13456800, 1, 2007, 12, 31),
('2008-01-02', '348.50', '351.00', '346.75', '349.20', '17.560000', 17890400, 1, 2008, 1, 2),
('2008-06-30', '274.50', '277.00', '273.25', '275.80', '13.870000', 18234700, 1, 2008, 6, 30),
('2008-09-15', '235.80', '238.00', '233.50', '236.50', '11.900000', 32567800, 1, 2008, 9, 15),
('2008-12-31', '150.25', '152.00', '149.50', '150.80', '7.590000', 20890500, 1, 2008, 12, 31),
('2009-01-02', '152.00', '154.50', '151.25', '153.50', '7.720000', 18234600, 1, 2009, 1, 2),
('2009-06-30', '220.75', '223.00', '219.50', '221.80', '11.160000', 15890300, 1, 2009, 6, 30),
('2009-12-31', '309.50', '312.00', '308.25', '310.80', '15.640000', 14567400, 1, 2009, 12, 31),
('2010-01-04', '312.00', '315.00', '310.75', '313.50', '15.770000', 16234800, 1, 2010, 1, 4),
('2010-06-30', '212.75', '215.00', '211.50', '213.80', '10.760000', 18890600, 1, 2010, 6, 30),
('2010-12-31', '296.50', '299.00', '295.25', '297.80', '14.980000', 13456700, 1, 2010, 12, 31),
('2011-01-03', '299.00', '302.00', '297.75', '300.50', '15.110000', 15890500, 1, 2011, 1, 3),
('2011-06-30', '253.25', '255.50', '252.00', '254.20', '12.780000', 17234600, 1, 2011, 6, 30),
('2011-12-30', '316.50', '319.00', '315.25', '317.80', '15.980000', 14890400, 1, 2011, 12, 30),
('2012-01-03', '319.00', '322.00', '317.75', '320.50', '16.120000', 18567800, 1, 2012, 1, 3),
('2012-06-29', '291.25', '294.00', '290.00', '292.80', '14.730000', 19890600, 1, 2012, 6, 29),
('2012-12-31', '356.25', '359.00', '355.00', '357.80', '17.990000', 16234700, 1, 2012, 12, 31),
('2013-01-02', '359.00', '362.50', '357.75', '360.80', '18.140000', 20890400, 1, 2013, 1, 2),
('2013-06-28', '445.50', '448.00', '444.25', '446.80', '22.470000', 18567300, 1, 2013, 6, 28),
('2013-12-31', '558.50', '561.00', '557.25', '559.80', '28.140000', 15890600, 1, 2013, 12, 31),
('2014-01-02', '561.00', '564.50', '559.75', '562.80', '28.290000', 17234800, 1, 2014, 1, 2),
('2014-03-27', '558.25', '560.75', '556.50', '559.00', '28.100000', 18890500, 1, 2014, 3, 27),
('2014-04-03', '279.50', '282.00', '278.25', '280.80', '28.160000', 74567800, 1, 2014, 4, 3),
('2014-06-30', '294.25', '296.50', '293.00', '295.20', '29.600000', 36234700, 1, 2014, 6, 30),
('2014-12-31', '527.50', '530.00', '526.25', '528.80', '26.580000', 15890300, 1, 2014, 12, 31),
('2015-01-02', '530.00', '533.50', '528.75', '531.80', '26.730000', 18567600, 1, 2015, 1, 2),
('2015-06-30', '262.75', '265.00', '261.50', '263.80', '26.470000', 18234500, 1, 2015, 6, 30),
('2015-10-02', '308.50', '311.00', '307.25', '310.00', '31.090000', 22890700, 1, 2015, 10, 2),
('2015-12-31', '388.50', '391.00', '387.25', '389.80', '39.090000', 17234600, 1, 2015, 12, 31),
('2016-01-04', '391.00', '394.50', '389.75', '392.80', '39.390000', 21890500, 1, 2016, 1, 4),
('2016-06-30', '336.25', '339.00', '335.00', '337.80', '33.880000', 19567400, 1, 2016, 6, 30),
('2016-12-30', '393.75', '396.50', '392.50', '395.20', '39.630000', 16890300, 1, 2016, 12, 30),
('2017-01-03', '396.50', '400.00', '395.25', '398.80', '40.000000', 20234700, 1, 2017, 1, 3),
('2017-06-30', '494.25', '497.00', '492.50', '495.80', '49.740000', 17890600, 1, 2017, 6, 30),
('2017-12-29', '527.50', '530.50', '526.25', '529.00', '53.050000', 15234800, 1, 2017, 12, 29),
('2018-01-02', '530.50', '534.00', '529.25', '532.80', '53.430000', 18890400, 1, 2018, 1, 2),
('2018-06-29', '557.75', '561.00', '556.50', '559.20', '56.080000', 16234600, 1, 2018, 6, 29),
('2018-12-31', '522.50', '525.00', '521.25', '523.80', '52.530000', 19890700, 1, 2018, 12, 31),
('2019-01-02', '525.00', '528.50', '523.75', '526.80', '52.830000', 21234800, 1, 2019, 1, 2),
('2019-06-28', '553.25', '556.50', '551.50', '554.80', '55.640000', 18567500, 1, 2019, 6, 28),
('2019-12-31', '670.75', '674.00', '669.50', '672.80', '67.470000', 15890400, 1, 2019, 12, 31),
('2020-01-02', '674.00', '678.50', '672.75', '676.20', '67.810000', 19234700, 1, 2020, 1, 2),
('2020-03-23', '537.50', '544.00', '529.75', '542.00', '54.350000', 35890800, 1, 2020, 3, 23),
('2020-06-30', '709.25', '713.00', '707.50', '711.20', '71.320000', 18234600, 1, 2020, 6, 30),
('2020-12-31', '878.50', '882.00', '876.25', '879.80', '88.190000', 16890500, 1, 2020, 12, 31),
('2021-01-04', '881.50', '886.00', '879.25', '883.80', '88.590000', 20567800, 1, 2021, 1, 4),
('2021-06-30', '1361.25', '1366.00', '1358.50', '1363.80', '136.640000', 15234700, 1, 2021, 6, 30),
('2021-11-19', '1482.50', '1496.50', '1478.25', '1493.80', '149.680000', 18890600, 1, 2021, 11, 19),
('2021-12-31', '1442.50', '1451.00', '1438.25', '1446.80', '144.970000', 14567400, 1, 2021, 12, 31),
('2022-01-03', '1448.00', '1454.50', '1443.75', '1450.20', '145.310000', 18234800, 1, 2022, 1, 3),
('2022-06-30', '1087.25', '1092.50', '1083.75', '1089.20', '109.180000', 22890700, 1, 2022, 6, 30),
('2022-07-15', '556.25', '559.50', '544.25', '548.00', '109.600000', 262434800, 1, 2022, 7, 15),
('2022-07-18', '563.00', '578.00', '561.50', '577.00', '115.400000', 239552000, 1, 2022, 7, 18),
('2022-12-30', '444.25', '447.50', '441.75', '443.80', '88.760000', 52071200, 1, 2022, 12, 30),
('2023-01-03', '445.50', '449.00', '443.25', '446.80', '89.360000', 38567800, 1, 2023, 1, 3),
('2023-06-30', '595.75', '599.50', '593.25', '597.20', '119.440000', 28234600, 1, 2023, 6, 30),
('2023-12-29', '698.25', '702.50', '696.75', '700.80', '140.160000', 30567400, 1, 2023, 12, 29),
('2024-01-02', '702.50', '707.00', '700.25', '704.80', '140.960000', 34890700, 1, 2024, 1, 2),
('2024-02-15', '741.00', '747.00', '735.50', '744.80', '148.960000', 64291600, 1, 2024, 2, 15),
('2024-06-28', '896.50', '902.00', '893.25', '899.20', '179.840000', 32567800, 1, 2024, 6, 28),
('2024-12-31', '947.25', '954.00', '944.50', '950.80', '190.160000', 56890300, 1, 2024, 12, 31),
('2025-01-02', '953.50', '968.00', '950.75', '960.80', '192.160000', 62467800, 1, 2025, 1, 2),
('2025-02-13', '1529.25', '1543.00', '1518.50', '1531.00', '306.200000', 57890600, 1, 2025, 2, 13),
('2026-02-02', '1707.50', '1724.50', '1701.00', '1718.50', '343.700000', 84313600, 1, 2026, 2, 2),
('2026-02-03', '1720.00', '1735.00', '1715.25', '1728.80', '345.760000', 68234700, 1, 2026, 2, 3),
('2026-02-04', '1730.50', '1742.50', '1725.00', '1736.20', '347.240000', 62890500, 1, 2026, 2, 4),
('2026-02-05', '1738.00', '1748.50', '1732.25', '1742.80', '348.560000', 58567400, 1, 2026, 2, 5),
('2026-02-06', '1745.00', '1756.00', '1740.50', '1750.20', '350.040000', 55234600, 1, 2026, 2, 6),
('2026-02-09', '1752.50', '1764.00', '1748.25', '1758.80', '351.760000', 52890700, 1, 2026, 2, 9),
('2026-02-10', '1760.00', '1771.50', '1755.75', '1766.20', '353.240000', 50567800, 1, 2026, 2, 10),
('2026-02-11', '1768.50', '1779.00', '1763.25', '1773.80', '354.760000', 48234900, 1, 2026, 2, 11),
('2026-02-12', '1776.00', '1786.50', '1770.75', '1781.20', '356.240000', 46890600, 1, 2026, 2, 12),
('2026-02-13', '1783.50', '1794.00', '1778.25', '1788.80', '357.760000', 45567700, 1, 2026, 2, 13),
('2026-02-16', '1791.00', '1801.50', '1785.75', '1796.20', '359.240000', 44234800, 1, 2026, 2, 16);

--
-- Indexes for dumped tables
--

--
-- Indexes for table `annual_financials`
--
ALTER TABLE `annual_financials`
  ADD PRIMARY KEY (`Year`);

--
-- Indexes for table `company_info`
--
ALTER TABLE `company_info`
  ADD PRIMARY KEY (`id_company`),
  ADD KEY `DateYear` (`DateYear`);

--
-- Indexes for table `financial_ratios`
--
ALTER TABLE `financial_ratios`
  ADD PRIMARY KEY (`Year`);

--
-- Indexes for table `quarterly_earnings`
--
ALTER TABLE `quarterly_earnings`
  ADD PRIMARY KEY (`id_quarterly`),
  ADD KEY `Year` (`Year`);

--
-- Indexes for table `revenue_segments`
--
ALTER TABLE `revenue_segments`
  ADD PRIMARY KEY (`Year`);

--
-- Indexes for table `stock_daily_prices`
--
ALTER TABLE `stock_daily_prices`
  ADD PRIMARY KEY (`DatePrice`),
  ADD KEY `YearPrice` (`YearPrice`);

--
-- AUTO_INCREMENT for dumped tables
--

--
-- AUTO_INCREMENT for table `company_info`
--
ALTER TABLE `company_info`
  MODIFY `id_company` int(11) NOT NULL AUTO_INCREMENT, AUTO_INCREMENT=36;

--
-- Constraints for dumped tables
--

--
-- Constraints for table `company_info`
--
ALTER TABLE `company_info`
  ADD CONSTRAINT `company_info_ibfk_1` FOREIGN KEY (`DateYear`) REFERENCES `annual_financials` (`Year`);

--
-- Constraints for table `financial_ratios`
--
ALTER TABLE `financial_ratios`
  ADD CONSTRAINT `financial_ratios_ibfk_1` FOREIGN KEY (`Year`) REFERENCES `annual_financials` (`Year`);

--
-- Constraints for table `quarterly_earnings`
--
ALTER TABLE `quarterly_earnings`
  ADD CONSTRAINT `quarterly_earnings_ibfk_1` FOREIGN KEY (`Year`) REFERENCES `annual_financials` (`Year`);

--
-- Constraints for table `revenue_segments`
--
ALTER TABLE `revenue_segments`
  ADD CONSTRAINT `revenue_segments_ibfk_1` FOREIGN KEY (`Year`) REFERENCES `annual_financials` (`Year`);

--
-- Constraints for table `stock_daily_prices`
--
ALTER TABLE `stock_daily_prices`
  ADD CONSTRAINT `stock_daily_prices_ibfk_1` FOREIGN KEY (`YearPrice`) REFERENCES `annual_financials` (`Year`);
COMMIT;

/*!40101 SET CHARACTER_SET_CLIENT=@OLD_CHARACTER_SET_CLIENT */;
/*!40101 SET CHARACTER_SET_RESULTS=@OLD_CHARACTER_SET_RESULTS */;
/*!40101 SET COLLATION_CONNECTION=@OLD_COLLATION_CONNECTION */;
